[{"model": "admin.logentry", "pk": 1, "fields": {"action_time": "2026-04-13T21:53:48.356Z", "user": 3, "content_type": 9, "object_id": "1", "object_repr": "jezreeljamescruz1@gmail.com - credit - 150", "action_flag": 1, "change_message": "[{\"added\": {}}]"}}, {"model": "admin.logentry", "pk": 2, "fields": {"action_time": "2026-04-13T21:55:12.471Z", "user": 3, "content_type": 10, "object_id": "1", "object_repr": "jezreeljamescruz1@gmail.com Wallet", "action_flag": 2, "change_message": "[{\"changed\": {\"fields\": [\"Balance\"]}}]"}}, {"model": "admin.logentry", "pk": 3, "fields": {"action_time": "2026-04-13T21:55:27.824Z", "user": 3, "content_type": 10, "object_id": "2", "object_repr": "cruzjezreeljames1@gmail.com Wallet", "action_flag": 2, "change_message": "[{\"changed\": {\"fields\": [\"Balance\"]}}]"}}, {"model": "admin.logentry", "pk": 4, "fields": {"action_time": "2026-04-13T21:56:13.121Z", "user": 3, "content_type": 9, "object_id": "1", "object_repr": "cruzjezreeljames1@gmail.com - credit - 150", "action_flag": 2, "change_message": "[{\"changed\": {\"fields\": [\"User\"]}}]"}}, {"model": "admin.logentry", "pk": 5, "fields": {"action_time": "2026-04-13T21:56:25.916Z", "user": 3, "content_type": 9, "object_id": "1", "object_repr": "jezreeljamescruz1@gmail.com - credit - 150", "action_flag": 2, "change_message": "[{\"changed\": {\"fields\": [\"User\"]}}]"}}, {"model": "admin.logentry", "pk": 6, "fields": {"action_time": "2026-04-13T21:56:37.597Z", "user": 3, "content_type": 9, "object_id": "2", "object_repr": "cruzjezreeljames1@gmail.com - credit - 150", "action_flag": 1, "change_message": "[{\"added\": {}}]"}}, {"model": "admin.logentry", "pk": 7, "fields": {"action_time": "2026-04-13T23:32:55.635Z", "user": 3, "content_type": 7, "object_id": "4", "object_repr": "test", "action_flag": 2, "change_message": "[{\"changed\": {\"fields\": [\"Status\"]}}]"}}, {"model": "admin.logentry", "pk": 8, "fields": {"action_time": "2026-04-13T23:39:21.502Z", "user": 3, "content_type": 10, "object_id": "2", "object_repr": "cruzjezreeljames1@gmail.com Wallet", "action_flag": 2, "change_message": "[{\"changed\": {\"fields\": [\"Balance\"]}}]"}}, {"model": "admin.logentry", "pk": 9, "fields": {"action_time": "2026-04-13T23:39:42.527Z", "user": 3, "content_type": 10, "object_id": "2", "object_repr": "cruzjezreeljames1@gmail.com Wallet", "action_flag": 2, "change_message": "[{\"changed\": {\"fields\": [\"Balance\"]}}]"}}, {"model": "admin.logentry", "pk": 10, "fields": {"action_time": "2026-04-13T23:40:35.081Z", "user": 3, "content_type": 9, "object_id": "5", "object_repr": "cruzjezreeljames1@gmail.com - credit - 20", "action_flag": 1, "change_message": "[{\"added\": {}}]"}}, {"model": "admin.logentry", "pk": 11, "fields": {"action_time": "2026-04-13T23:43:26.708Z", "user": 3, "content_type": 9, "object_id": "8", "object_repr": "test1@gmail.com - credit - 50", "action_flag": 1, "change_message": "[{\"added\": {}}]"}}, {"model": "admin.logentry", "pk": 12, "fields": {"action_time": "2026-04-13T23:43:36.796Z", "user": 3, "content_type": 10, "object_id": "4", "object_repr": "test1@gmail.com Wallet", "action_flag": 2, "change_message": "[{\"changed\": {\"fields\": [\"Balance\"]}}]"}}, {"model": "admin.logentry", "pk": 13, "fields": {"action_time": "2026-04-13T23:45:01.039Z", "user": 3, "content_type": 8, "object_id": "4", "object_repr": "test1@gmail.com -> Guitar Lesson", "action_flag": 3, "change_message": ""}}, {"model": "admin.logentry", "pk": 14, "fields": {"action_time": "2026-04-14T03:31:49.949Z", "user": 3, "content_type": 6, "object_id": "3", "object_repr": "admin", "action_flag": 2, "change_message": "[{\"changed\": {\"fields\": [\"Username\"]}}]"}}, {"model": "sessions.session", "pk": "1nbx3os8v3qpyzdb9m3ssar03axntyzh", "fields": {"session_data": ".eJxVjEEOwiAQRe_C2hCgDB1cuvcMZIBBqoYmpV0Z765NutDtf-_9lwi0rTVsnZcwZXEWWpx-t0jpwW0H-U7tNss0t3WZotwVedAur3Pm5-Vw_w4q9fqtYzbGOtIjgeFkHSN5hwMADDpmLpaLj2QxIY2WChSVUKmMKik24FG8P-pkOAc:1wCQGE:02PgtbbT1tBhlyGyXoFBKDat616ZE2VXJ-TDMIViAzU", "expire_date": "2026-04-27T23:00:06.886Z"}}, {"model": "sessions.session", "pk": "54uu0ude3dy1gf0pmzzqnr5nrg883m6z", "fields": {"session_data": ".eJxVjEEOwiAQRe_C2hCgDB1cuvcMZIBBqoYmpV0Z765NutDtf-_9lwi0rTVsnZcwZXEWWpx-t0jpwW0H-U7tNss0t3WZotwVedAur3Pm5-Vw_w4q9fqtYzbGOtIjgeFkHSN5hwMADDpmLpaLj2QxIY2WChSVUKmMKik24FG8P-pkOAc:1wFn6r:r8zmS1e8q14hNLgEu6ROnDGaIyu6pQMrL5qUOjwa-ag", "expire_date": "2026-05-07T06:00:21.140Z"}}, {"model": "sessions.session", "pk": "buoq70gtwmu34hidhb8tgco3ktk2excv", "fields": {"session_data": ".eJxVjEsOwjAMBe-SNYrqfApmyb5nqFzHJgWUSP2sEHenlbqA7cy89zY9rUvu11mmfkzmapw5_bKB-CllF-lB5V4t17JM42D3xB52tl1N8rod7d9Bpjlva9RLAAAR1JaYKWgkhwLKQSX64BiBgTii47ML6Bsf20YBNoJJ2Xy-9Kc4CA:1wCifn:A76F1__U5iyRngR9JBaDhmVyzkMTbVzJunxgevJWBik", "expire_date": "2026-04-28T18:39:43.093Z"}}, {"model": "sessions.session", "pk": "ct986a2em9ntjtf2dtuj3sghf8d4p60s", "fields": {"session_data": ".eJxVjEEOwiAQRe_C2hCgDB1cuvcMZIBBqoYmpV0Z765NutDtf-_9lwi0rTVsnZcwZXEWWpx-t0jpwW0H-U7tNss0t3WZotwVedAur3Pm5-Vw_w4q9fqtYzbGOtIjgeFkHSN5hwMADDpmLpaLj2QxIY2WChSVUKmMKik24FG8P-pkOAc:1wCijG:XvVbTV2n_bAJQD9aKSlsAORcYv2EUP33A8xl4B_fegI", "expire_date": "2026-04-28T18:43:18.921Z"}}, {"model": "sessions.session", "pk": "gtjap1jj7wrsna6l7tstd4yysd2n29d1", "fields": {"session_data": ".eJxVjEEOwiAQRe_C2hCgDB1cuvcMZIBBqoYmpV0Z765NutDtf-_9lwi0rTVsnZcwZXEWWpx-t0jpwW0H-U7tNss0t3WZotwVedAur3Pm5-Vw_w4q9fqtYzbGOtIjgeFkHSN5hwMADDpmLpaLj2QxIY2WChSVUKmMKik24FG8P-pkOAc:1wCvqG:pFC9S472zS1Izj260gk4cDvBpmFIsOZOUJlTaH8HdTI", "expire_date": "2026-04-29T08:43:24.275Z"}}, {"model": "sessions.session", "pk": "knfjej9c34dvlo2i5pyetlya88uugcmn", "fields": {"session_data": ".eJxVjEsOwjAMBe-SNYrqfApmyb5nqFzHJgWUSP2sEHenlbqA7cy89zY9rUvu11mmfkzmapw5_bKB-CllF-lB5V4t17JM42D3xB52tl1N8rod7d9Bpjlva9RLAAAR1JaYKWgkhwLKQSX64BiBgTii47ML6Bsf20YBNoJJ2Xy-9Kc4CA:1wGYty:xwyqrrbrCayzrl8q4YrB7HsKaYGZvSrUj229izZxTAY", "expire_date": "2026-05-09T09:02:14.969Z"}}, {"model": "sessions.session", "pk": "p9b8xujbyrplek8et7r4ya53qqorresi", "fields": {"session_data": ".eJxVjEEOwiAQRe_C2hBogUGX7j0DGZhBqgaS0q6MdzckXej2v_f-WwTctxL2zmtYSFyEEaffLWJ6ch2AHljvTaZWt3WJcijyoF3eGvHrerh_BwV7GfUE1iCDBdRsI1Bm0jM4R8n7eTIqJmWtsU4hEWRg7TWBcaggczwb8fkC5is33w:1wCV4A:gs9hfkCMq_04x1uRCkGjXYkjv4vWFKo6smUEDYi3QIQ", "expire_date": "2026-04-28T04:07:58.094Z"}}, {"model": "sessions.session", "pk": "y77sjid2jmpjf046chppptjvuc4hv4q9", "fields": {"session_data": ".eJxVjEsOwjAMBe-SNYrqfApmyb5nqFzHJgWUSP2sEHenlbqA7cy89zY9rUvu11mmfkzmapw5_bKB-CllF-lB5V4t17JM42D3xB52tl1N8rod7d9Bpjlva9RLAAAR1JaYKWgkhwLKQSX64BiBgTii47ML6Bsf20YBNoJJ2Xy-9Kc4CA:1wCvr5:5PLsQihITIjVVLe5r8OAjcdtEOzNHATv0ntDwfI30Ms", "expire_date": "2026-04-29T08:44:15.503Z"}}, {"model": "sessions.session", "pk": "zok1u47wst9ng6xh3uxg9zsmguyf531p", "fields": {"session_data": ".eJxVjEsOwjAMBe-SNYrqfApmyb5nqFzHJgWUSP2sEHenlbqA7cy89zY9rUvu11mmfkzmapw5_bKB-CllF-lB5V4t17JM42D3xB52tl1N8rod7d9Bpjlva9RLAAAR1JaYKWgkhwLKQSX64BiBgTii47ML6Bsf20YBNoJJ2Xy-9Kc4CA:1wCBuk:W1KLFNsbrkRt_O7I_dn05UPKuBqYB1Xh7pUuCeLVSJ4", "expire_date": "2026-04-27T07:40:58.348Z"}}, {"model": "users.user", "pk": 1, "fields": {"password": "pbkdf2_sha256$1200000$vtdZ8i9stxANLqJusCdLeZ$QemP3G+E1MPtygqmxmhRHQXD9GQZcNmpWucdd8sILzY=", "last_login": "2026-04-23T06:00:21.134Z", "is_superuser": false, "username": "Jez Ur Guru", "first_name": "Jezreel James Cruz", "last_name": "", "email": "jezreeljamescruz1@gmail.com", "is_staff": false, "is_active": true, "date_joined": "2026-04-10T22:38:59.741Z", "role": "teacher", "full_name": "Jezreel James Cruz", "groups": [], "user_permissions": []}}, {"model": "users.user", "pk": 2, "fields": {"password": "pbkdf2_sha256$1200000$qCManeegvRO53Ce5JCxkc0$RvA1DpHpmd5Ka2zMDtd8pdAaq+Iqds0585g1m8T1lbA=", "last_login": "2026-04-25T09:02:14.961Z", "is_superuser": false, "username": "Sheesh James", "first_name": "Jezreel", "last_name": "", "email": "cruzjezreeljames1@gmail.com", "is_staff": false, "is_active": true, "date_joined": "2026-04-12T21:53:17.241Z", "role": "student", "full_name": "Jezreel James Cruz", "groups": [], "user_permissions": []}}, {"model": "users.user", "pk": 3, "fields": {"password": "pbkdf2_sha256$1200000$3K6RIIvxTbawKIYJy4wocy$S6rr7u1mx8c7u40ttNWU9ZJ7cgFpbvLA+xqyvSk3sB4=", "last_login": "2026-04-15T08:42:23.909Z", "is_superuser": true, "username": "admin", "first_name": "", "last_name": "", "email": "admin@skillvine.com", "is_staff": true, "is_active": true, "date_joined": "2026-04-13T09:06:37Z", "role": "admin", "full_name": null, "groups": [], "user_permissions": []}}, {"model": "users.user", "pk": 4, "fields": {"password": "pbkdf2_sha256$1200000$M0BzkjNAP2XdfCIXuRSHXI$bbeJiY/OFTceJlxRVwQ63xgwN6VZY5Yr6jc22ujZfSY=", "last_login": "2026-04-14T04:07:58.087Z", "is_superuser": false, "username": "test1@gmail.com", "first_name": "HI", "last_name": "", "email": "test1@gmail.com", "is_staff": false, "is_active": true, "date_joined": "2026-04-13T23:08:40.483Z", "role": "student", "full_name": "HI Guys", "groups": [], "user_permissions": []}}, {"model": "users.user", "pk": 5, "fields": {"password": "pbkdf2_sha256$1200000$KT9cyaYOUg4FKXVsXAdZyO$p0Y683N6p1dVb/lifGvH34K0dIzqvYIcf0IBxqAoXSY=", "last_login": "2026-04-22T16:38:00.360Z", "is_superuser": false, "username": "jez", "first_name": "jez", "last_name": "", "email": "jez@example.com", "is_staff": false, "is_active": true, "date_joined": "2026-04-22T16:36:59.002Z", "role": "student", "full_name": "jez example", "groups": [], "user_permissions": []}}, {"model": "users.user", "pk": 6, "fields": {"password": "pbkdf2_sha256$1200000$RYZBdT6tAtKvGtwKsnqii0$qFcJ17XV/lAFYsUDaq3W0jAWUCQ2JrNReJf2jjJPMns=", "last_login": null, "is_superuser": false, "username": "test1", "first_name": "", "last_name": "", "email": "test1@gmail.com", "is_staff": false, "is_active": true, "date_joined": "2026-04-24T19:36:39.648Z", "role": "student", "full_name": null, "groups": [], "user_permissions": []}}, {"model": "users.user", "pk": 7, "fields": {"password": "pbkdf2_sha256$1200000$wLb4heNIVcbzI6UMBQgaRY$UhrnoTszAgB64kOKY++RhWfiDRRnp+UgCXgTGyp3Jto=", "last_login": null, "is_superuser": false, "username": "test2", "first_name": "", "last_name": "", "email": "test2@gmail.com", "is_staff": false, "is_active": true, "date_joined": "2026-04-24T20:16:01.714Z", "role": "student", "full_name": null, "groups": [], "user_permissions": []}}, {"model": "users.user", "pk": 8, "fields": {"password": "pbkdf2_sha256$1200000$p75LoJfVahfL3C3KIEXn8k$2upDyl4qJcHQhiWQjUm7Yr0+4JE5cSHZ/VUNVC5tuE4=", "last_login": null, "is_superuser": false, "username": "test3", "first_name": "", "last_name": "", "email": "test3@gmail.com", "is_staff": false, "is_active": true, "date_joined": "2026-04-24T20:43:19.743Z", "role": "student", "full_name": null, "groups": [], "user_permissions": []}}, {"model": "users.user", "pk": 9, "fields": {"password": "pbkdf2_sha256$1200000$PpuPZaKHDn7xL7Y6jlpI95$QyIwpBz6REfDcQhU3KuL2I89UTMvO5zfulztFZ1J6S8=", "last_login": null, "is_superuser": false, "username": "hgg", "first_name": "", "last_name": "", "email": "hgg@skillvine.com", "is_staff": false, "is_active": true, "date_joined": "2026-04-24T20:53:38.258Z", "role": "student", "full_name": null, "groups": [], "user_permissions": []}}, {"model": "users.user", "pk": 10, "fields": {"password": "pbkdf2_sha256$1200000$evc4HlzvRcc1vPeS8iDl8o$foqm5eEpew57WExKPaqdvYsrPtupvChiqwhWwDiixIA=", "last_login": null, "is_superuser": false, "username": "ggg", "first_name": "", "last_name": "", "email": "gg@gmail.com", "is_staff": false, "is_active": true, "date_joined": "2026-04-24T20:55:28.417Z", "role": "student", "full_name": null, "groups": [], "user_permissions": []}}, {"model": "users.user", "pk": 11, "fields": {"password": "pbkdf2_sha256$1200000$QLzlR5FAxf8SksCC7JjSnF$0pDilsQWqYsqJ1lRxx8crCMDDUgk/RRnyy+5Xs+9Bqo=", "last_login": null, "is_superuser": false, "username": "test123", "first_name": "", "last_name": "", "email": "test123@gmail.com", "is_staff": false, "is_active": true, "date_joined": "2026-04-25T10:36:59.058Z", "role": "student", "full_name": null, "groups": [], "user_permissions": []}}, {"model": "dashboard.booking", "pk": 1, "fields": {"student": 5, "lesson": 1, "status": "approved", "created_at": "2026-04-23T04:15:09.667Z", "updated_at": "2026-04-24T15:20:05.067Z"}}, {"model": "dashboard.booking", "pk": 2, "fields": {"student": 5, "lesson": 5, "status": "declined", "created_at": "2026-04-23T04:15:26.282Z", "updated_at": "2026-04-24T15:20:05.067Z"}}, {"model": "dashboard.booking", "pk": 3, "fields": {"student": 5, "lesson": 3, "status": "declined", "created_at": "2026-04-23T04:16:54.321Z", "updated_at": "2026-04-24T15:20:05.067Z"}}, {"model": "dashboard.booking", "pk": 4, "fields": {"student": 5, "lesson": 4, "status": "declined", "created_at": "2026-04-23T04:19:54.294Z", "updated_at": "2026-04-24T15:20:05.067Z"}}, {"model": "dashboard.booking", "pk": 5, "fields": {"student": 5, "lesson": 2, "status": "approved", "created_at": "2026-04-23T06:32:38.411Z", "updated_at": "2026-04-24T15:20:05.067Z"}}, {"model": "dashboard.booking", "pk": 6, "fields": {"student": 5, "lesson": 6, "status": "declined", "created_at": "2026-04-23T06:34:42.243Z", "updated_at": "2026-04-24T15:20:05.067Z"}}, {"model": "dashboard.booking", "pk": 7, "fields": {"student": 2, "lesson": 1, "status": "approved", "created_at": "2026-04-23T08:00:31.402Z", "updated_at": "2026-04-24T17:44:18.774Z"}}, {"model": "dashboard.booking", "pk": 8, "fields": {"student": 3, "lesson": 1, "status": "declined", "created_at": "2026-04-23T08:03:57.573Z", "updated_at": "2026-04-24T17:44:30.446Z"}}, {"model": "dashboard.booking", "pk": 9, "fields": {"student": 2, "lesson": 7, "status": "approved", "created_at": "2026-04-25T09:37:24.746Z", "updated_at": "2026-04-25T09:37:38.075Z"}}, {"model": "dashboard.booking", "pk": 10, "fields": {"student": 2, "lesson": 4, "status": "approved", "created_at": "2026-04-25T09:38:24.125Z", "updated_at": "2026-04-25T09:38:43.466Z"}}, {"model": "dashboard.booking", "pk": 11, "fields": {"student": 2, "lesson": 8, "status": "approved", "created_at": "2026-04-25T10:27:25.364Z", "updated_at": "2026-04-25T10:28:06.251Z"}}, {"model": "dashboard.booking", "pk": 12, "fields": {"student": 11, "lesson": 8, "status": "approved", "created_at": "2026-04-25T10:38:49.908Z", "updated_at": "2026-04-25T10:39:11.738Z"}}, {"model": "dashboard.booking", "pk": 13, "fields": {"student": 2, "lesson": 9, "status": "approved", "created_at": "2026-04-25T11:09:45.021Z", "updated_at": "2026-04-25T11:11:02.143Z"}}, {"model": "dashboard.booking", "pk": 14, "fields": {"student": 2, "lesson": 10, "status": "approved", "created_at": "2026-04-25T11:10:25.409Z", "updated_at": "2026-04-25T11:10:56.160Z"}}, {"model": "dashboard.booking", "pk": 15, "fields": {"student": 2, "lesson": 11, "status": "approved", "created_at": "2026-04-25T11:22:33.062Z", "updated_at": "2026-04-25T11:22:51.069Z"}}, {"model": "dashboard.booking", "pk": 16, "fields": {"student": 2, "lesson": 12, "status": "approved", "created_at": "2026-04-25T11:30:58.354Z", "updated_at": "2026-04-25T11:31:21.068Z"}}, {"model": "dashboard.lesson", "pk": 1, "fields": {"teacher": 1, "title": "Python Basics", "category": "other", "description": "This Lesson is for Python", "status": "active", "price_coins": 50, "created_at": "2026-04-13T08:59:47.146Z"}}, {"model": "dashboard.lesson", "pk": 2, "fields": {"teacher": 1, "title": "Python", "category": "other", "description": "Hello World!", "status": "active", "price_coins": 50, "created_at": "2026-04-13T21:10:24.278Z"}}, {"model": "dashboard.lesson", "pk": 3, "fields": {"teacher": 1, "title": "Guitar Lesson", "category": "music", "description": "Basic Guitar Lesson", "status": "active", "price_coins": 50, "created_at": "2026-04-13T23:21:17.332Z"}}, {"model": "dashboard.lesson", "pk": 4, "fields": {"teacher": 1, "title": "test", "category": "language", "description": "sasasa", "status": "active", "price_coins": 120, "created_at": "2026-04-13T23:32:13.907Z"}}, {"model": "dashboard.lesson", "pk": 5, "fields": {"teacher": 1, "title": "CPP", "category": "other", "description": "CPP Language", "status": "active", "price_coins": 299, "created_at": "2026-04-14T18:44:05.676Z"}}, {"model": "dashboard.lesson", "pk": 6, "fields": {"teacher": 1, "title": "Rust", "category": "other", "description": "Basic in Rust Language", "status": "active", "price_coins": 520, "created_at": "2026-04-23T06:33:37.754Z"}}, {"model": "dashboard.lesson", "pk": 7, "fields": {"teacher": 1, "title": "Skillvine Introduction", "category": "other", "description": "Teach to Earn", "status": "active", "price_coins": 0, "created_at": "2026-04-25T08:59:29.957Z"}}, {"model": "dashboard.lesson", "pk": 8, "fields": {"teacher": 1, "title": "shessh", "category": "other", "description": "kajahbaa", "status": "active", "price_coins": 5, "created_at": "2026-04-25T10:27:11.531Z"}}, {"model": "dashboard.lesson", "pk": 9, "fields": {"teacher": 1, "title": "vuvuvuvu", "category": "other", "description": "ivihihi", "status": "active", "price_coins": 6, "created_at": "2026-04-25T11:08:44.757Z"}}, {"model": "dashboard.lesson", "pk": 10, "fields": {"teacher": 1, "title": "vuvuvuvu", "category": "other", "description": "ivihihi", "status": "active", "price_coins": 6, "created_at": "2026-04-25T11:09:22.832Z"}}, {"model": "dashboard.lesson", "pk": 11, "fields": {"teacher": 1, "title": "last", "category": "other", "description": "uehsga", "status": "active", "price_coins": 3, "created_at": "2026-04-25T11:21:40.810Z"}}, {"model": "dashboard.lesson", "pk": 12, "fields": {"teacher": 1, "title": "looop", "category": "other", "description": "loooo", "status": "active", "price_coins": 1, "created_at": "2026-04-25T11:30:19.507Z"}}, {"model": "dashboard.enrollment", "pk": 1, "fields": {"student": 2, "lesson": 2, "status": "enrolled", "created_at": "2026-04-13T21:10:42.381Z"}}, {"model": "dashboard.enrollment", "pk": 2, "fields": {"student": 2, "lesson": 1, "status": "enrolled", "created_at": "2026-04-13T21:30:08.682Z"}}, {"model": "dashboard.enrollment", "pk": 3, "fields": {"student": 4, "lesson": 2, "status": "enrolled", "created_at": "2026-04-13T23:21:42.572Z"}}, {"model": "dashboard.enrollment", "pk": 5, "fields": {"student": 2, "lesson": 3, "status": "enrolled", "created_at": "2026-04-13T23:28:04.280Z"}}, {"model": "dashboard.enrollment", "pk": 6, "fields": {"student": 2, "lesson": 4, "status": "enrolled", "created_at": "2026-04-13T23:40:50.624Z"}}, {"model": "dashboard.enrollment", "pk": 7, "fields": {"student": 4, "lesson": 1, "status": "enrolled", "created_at": "2026-04-13T23:42:29.130Z"}}, {"model": "dashboard.enrollment", "pk": 8, "fields": {"student": 4, "lesson": 3, "status": "enrolled", "created_at": "2026-04-13T23:45:45.031Z"}}, {"model": "dashboard.enrollment", "pk": 9, "fields": {"student": 2, "lesson": 5, "status": "enrolled", "created_at": "2026-04-14T18:45:01.193Z"}}, {"model": "dashboard.enrollment", "pk": 10, "fields": {"student": 2, "lesson": 7, "status": "enrolled", "created_at": "2026-04-25T09:02:35.850Z"}}, {"model": "dashboard.enrollment", "pk": 11, "fields": {"student": 2, "lesson": 8, "status": "enrolled", "created_at": "2026-04-25T10:28:06.246Z"}}, {"model": "dashboard.enrollment", "pk": 12, "fields": {"student": 11, "lesson": 8, "status": "enrolled", "created_at": "2026-04-25T10:39:11.733Z"}}, {"model": "dashboard.enrollment", "pk": 13, "fields": {"student": 2, "lesson": 10, "status": "enrolled", "created_at": "2026-04-25T11:10:56.155Z"}}, {"model": "dashboard.enrollment", "pk": 14, "fields": {"student": 2, "lesson": 9, "status": "enrolled", "created_at": "2026-04-25T11:11:02.137Z"}}, {"model": "dashboard.enrollment", "pk": 15, "fields": {"student": 2, "lesson": 11, "status": "enrolled", "created_at": "2026-04-25T11:22:51.064Z"}}, {"model": "dashboard.enrollment", "pk": 16, "fields": {"student": 2, "lesson": 12, "status": "enrolled", "created_at": "2026-04-25T11:31:21.063Z"}}, {"model": "dashboard.wallet", "pk": 1, "fields": {"user": 1, "balance": 346}}, {"model": "dashboard.wallet", "pk": 2, "fields": {"user": 2, "balance": 10}}, {"model": "dashboard.wallet", "pk": 3, "fields": {"user": 3, "balance": 0}}, {"model": "dashboard.wallet", "pk": 4, "fields": {"user": 4, "balance": 100}}, {"model": "dashboard.wallet", "pk": 5, "fields": {"user": 5, "balance": 100}}, {"model": "dashboard.wallet", "pk": 6, "fields": {"user": 6, "balance": 100}}, {"model": "dashboard.wallet", "pk": 7, "fields": {"user": 7, "balance": 100}}, {"model": "dashboard.wallet", "pk": 8, "fields": {"user": 8, "balance": 100}}, {"model": "dashboard.wallet", "pk": 9, "fields": {"user": 9, "balance": 100}}, {"model": "dashboard.wallet", "pk": 10, "fields": {"user": 10, "balance": 100}}, {"model": "dashboard.wallet", "pk": 11, "fields": {"user": 11, "balance": 95}}, {"model": "dashboard.cointransaction", "pk": 1, "fields": {"user": 1, "transaction_type": "credit", "amount": 150, "description": "Welcome to Skillvine Bonus", "created_at": "2026-04-13T21:53:48.355Z"}}, {"model": "dashboard.cointransaction", "pk": 2, "fields": {"user": 2, "transaction_type": "credit", "amount": 150, "description": "Welcome to Skillvine Bonus", "created_at": "2026-04-13T21:56:37.595Z"}}, {"model": "dashboard.cointransaction", "pk": 3, "fields": {"user": 4, "transaction_type": "credit", "amount": 100, "description": "Welcome bonus", "created_at": "2026-04-13T23:08:41.005Z"}}, {"model": "dashboard.cointransaction", "pk": 4, "fields": {"user": 2, "transaction_type": "debit", "amount": 50, "description": "Enrollment payment for lesson: Guitar Lesson", "created_at": "2026-04-13T23:28:04.273Z"}}, {"model": "dashboard.cointransaction", "pk": 5, "fields": {"user": 2, "transaction_type": "credit", "amount": 20, "description": "for testing only.", "created_at": "2026-04-13T23:40:35.079Z"}}, {"model": "dashboard.cointransaction", "pk": 6, "fields": {"user": 2, "transaction_type": "debit", "amount": 120, "description": "Enrollment payment for lesson: test", "created_at": "2026-04-13T23:40:50.617Z"}}, {"model": "dashboard.cointransaction", "pk": 7, "fields": {"user": 4, "transaction_type": "debit", "amount": 50, "description": "Enrollment payment for lesson: Python Basics", "created_at": "2026-04-13T23:42:29.116Z"}}, {"model": "dashboard.cointransaction", "pk": 8, "fields": {"user": 4, "transaction_type": "credit", "amount": 50, "description": "refund", "created_at": "2026-04-13T23:43:26.706Z"}}, {"model": "dashboard.cointransaction", "pk": 9, "fields": {"user": 4, "transaction_type": "debit", "amount": 50, "description": "Enrollment payment for lesson: Guitar Lesson", "created_at": "2026-04-13T23:45:45.025Z"}}, {"model": "dashboard.cointransaction", "pk": 10, "fields": {"user": 4, "transaction_type": "credit", "amount": 5, "description": "test", "created_at": "2026-04-14T07:30:54.816Z"}}, {"model": "dashboard.cointransaction", "pk": 11, "fields": {"user": 4, "transaction_type": "debit", "amount": 10, "description": "test", "created_at": "2026-04-14T07:31:31.005Z"}}, {"model": "dashboard.cointransaction", "pk": 12, "fields": {"user": 4, "transaction_type": "debit", "amount": 5, "description": "Manual debit by staff", "created_at": "2026-04-14T07:34:14.997Z"}}, {"model": "dashboard.cointransaction", "pk": 13, "fields": {"user": 4, "transaction_type": "credit", "amount": 5, "description": "Manual credit by staff", "created_at": "2026-04-14T07:34:23.614Z"}}, {"model": "dashboard.cointransaction", "pk": 14, "fields": {"user": 2, "transaction_type": "credit", "amount": 500, "description": "Mag Aral Mabuti!", "created_at": "2026-04-14T18:41:52.595Z"}}, {"model": "dashboard.cointransaction", "pk": 15, "fields": {"user": 2, "transaction_type": "debit", "amount": 299, "description": "Enrollment payment for lesson: CPP", "created_at": "2026-04-14T18:45:01.186Z"}}, {"model": "dashboard.cointransaction", "pk": 16, "fields": {"user": 5, "transaction_type": "credit", "amount": 100, "description": "Welcome bonus", "created_at": "2026-04-22T16:36:59.613Z"}}, {"model": "dashboard.cointransaction", "pk": 17, "fields": {"user": 2, "transaction_type": "debit", "amount": 50, "description": "Booked lesson: Python Basics", "created_at": "2026-04-24T17:44:18.762Z"}}, {"model": "dashboard.cointransaction", "pk": 18, "fields": {"user": 1, "transaction_type": "credit", "amount": 50, "description": "Payment received for lesson: Python Basics", "created_at": "2026-04-24T17:44:18.768Z"}}, {"model": "dashboard.cointransaction", "pk": 19, "fields": {"user": 6, "transaction_type": "credit", "amount": 100, "description": "Welcome bonus", "created_at": "2026-04-24T19:36:40.238Z"}}, {"model": "dashboard.cointransaction", "pk": 20, "fields": {"user": 7, "transaction_type": "credit", "amount": 100, "description": "Welcome bonus", "created_at": "2026-04-24T20:16:02.269Z"}}, {"model": "dashboard.cointransaction", "pk": 21, "fields": {"user": 8, "transaction_type": "credit", "amount": 100, "description": "Welcome bonus", "created_at": "2026-04-24T20:43:20.323Z"}}, {"model": "dashboard.cointransaction", "pk": 22, "fields": {"user": 9, "transaction_type": "credit", "amount": 100, "description": "Welcome bonus", "created_at": "2026-04-24T20:53:38.852Z"}}, {"model": "dashboard.cointransaction", "pk": 23, "fields": {"user": 10, "transaction_type": "credit", "amount": 100, "description": "Welcome bonus", "created_at": "2026-04-24T20:55:28.979Z"}}, {"model": "dashboard.cointransaction", "pk": 24, "fields": {"user": 2, "transaction_type": "debit", "amount": 0, "description": "Enrollment payment for lesson: Skillvine Introduction", "created_at": "2026-04-25T09:02:35.844Z"}}, {"model": "dashboard.cointransaction", "pk": 25, "fields": {"user": 2, "transaction_type": "debit", "amount": 0, "description": "Booked lesson: Skillvine Introduction", "created_at": "2026-04-25T09:37:38.062Z"}}, {"model": "dashboard.cointransaction", "pk": 26, "fields": {"user": 1, "transaction_type": "credit", "amount": 0, "description": "Payment received for lesson: Skillvine Introduction", "created_at": "2026-04-25T09:37:38.068Z"}}, {"model": "dashboard.cointransaction", "pk": 27, "fields": {"user": 2, "transaction_type": "debit", "amount": 120, "description": "Booked lesson: test", "created_at": "2026-04-25T09:38:43.455Z"}}, {"model": "dashboard.cointransaction", "pk": 28, "fields": {"user": 1, "transaction_type": "credit", "amount": 120, "description": "Payment received for lesson: test", "created_at": "2026-04-25T09:38:43.460Z"}}, {"model": "dashboard.cointransaction", "pk": 29, "fields": {"user": 2, "transaction_type": "debit", "amount": 5, "description": "Booked lesson: shessh", "created_at": "2026-04-25T10:28:06.234Z"}}, {"model": "dashboard.cointransaction", "pk": 30, "fields": {"user": 1, "transaction_type": "credit", "amount": 5, "description": "Payment received for lesson: shessh", "created_at": "2026-04-25T10:28:06.240Z"}}, {"model": "dashboard.cointransaction", "pk": 31, "fields": {"user": 11, "transaction_type": "credit", "amount": 100, "description": "Welcome bonus", "created_at": "2026-04-25T10:36:59.605Z"}}, {"model": "dashboard.cointransaction", "pk": 32, "fields": {"user": 11, "transaction_type": "debit", "amount": 5, "description": "Booked lesson: shessh", "created_at": "2026-04-25T10:39:11.721Z"}}, {"model": "dashboard.cointransaction", "pk": 33, "fields": {"user": 1, "transaction_type": "credit", "amount": 5, "description": "Payment received for lesson: shessh", "created_at": "2026-04-25T10:39:11.727Z"}}, {"model": "dashboard.cointransaction", "pk": 34, "fields": {"user": 2, "transaction_type": "debit", "amount": 6, "description": "Booked lesson: vuvuvuvu", "created_at": "2026-04-25T11:10:56.144Z"}}, {"model": "dashboard.cointransaction", "pk": 35, "fields": {"user": 1, "transaction_type": "credit", "amount": 6, "description": "Payment received for lesson: vuvuvuvu", "created_at": "2026-04-25T11:10:56.149Z"}}, {"model": "dashboard.cointransaction", "pk": 36, "fields": {"user": 2, "transaction_type": "debit", "amount": 6, "description": "Booked lesson: vuvuvuvu", "created_at": "2026-04-25T11:11:02.125Z"}}, {"model": "dashboard.cointransaction", "pk": 37, "fields": {"user": 1, "transaction_type": "credit", "amount": 6, "description": "Payment received for lesson: vuvuvuvu", "created_at": "2026-04-25T11:11:02.131Z"}}, {"model": "dashboard.cointransaction", "pk": 38, "fields": {"user": 2, "transaction_type": "debit", "amount": 3, "description": "Booked lesson: last", "created_at": "2026-04-25T11:22:51.053Z"}}, {"model": "dashboard.cointransaction", "pk": 39, "fields": {"user": 1, "transaction_type": "credit", "amount": 3, "description": "Payment received for lesson: last", "created_at": "2026-04-25T11:22:51.058Z"}}, {"model": "dashboard.cointransaction", "pk": 40, "fields": {"user": 2, "transaction_type": "debit", "amount": 1, "description": "Booked lesson: looop", "created_at": "2026-04-25T11:31:21.052Z"}}, {"model": "dashboard.cointransaction", "pk": 41, "fields": {"user": 1, "transaction_type": "credit", "amount": 1, "description": "Payment received for lesson: looop", "created_at": "2026-04-25T11:31:21.057Z"}}, {"model": "dashboard.follow", "pk": 1, "fields": {"follower": 4, "teacher": 1, "created_at": "2026-04-14T00:26:40.240Z"}}, {"model": "dashboard.follow", "pk": 2, "fields": {"follower": 2, "teacher": 1, "created_at": "2026-04-25T09:02:24.877Z"}}, {"model": "staff.report", "pk": 1, "fields": {"reporter": 1, "reported_user": 4, "reason": "Spam or inappropriate behavior", "status": "resolved", "created_at": "2026-04-14T04:47:15.125Z"}}, {"model": "staff.report", "pk": 2, "fields": {"reporter": 1, "reported_user": 4, "reason": "Spam or inappropriate behavior", "status": "resolved", "created_at": "2026-04-14T04:48:53.768Z"}}]
